source_year,station_id,records,first_time,last_time,expected_records_in_span,coverage_ratio_in_span
2017,S06,24507,2017-01-01 08:04:59,2017-03-27 11:14:59,24519,0.9995
2017,S07,97289,2017-01-01 08:04:59,2017-12-31 23:55:00,105023,0.9264
2017,S08,88879,2017-01-01 08:04:59,2017-12-31 23:55:00,105023,0.8463
2017,S100,100415,2017-01-01 08:04:59,2017-12-31 23:55:00,105023,0.9561
2017,S101,94715,2017-01-01 08:04:59,2017-12-05 13:35:00,97411,0.9723
2017,S102,91432,2017-01-01 08:04:59,2017-12-13 15:50:00,99742,0.9167
2017,S103,45,2017-03-22 11:19:59,2017-03-31 08:24:59,2558,0.0176
2017,S104,81189,2017-01-01 08:04:59,2017-11-20 15:30:00,93114,0.8719
2017,S106,87785,2017-01-01 08:04:59,2017-12-31 23:55:00,105023,0.8359
2017,S107,98641,2017-01-01 08:04:59,2017-12-31 23:55:00,105023,0.9392
2017,S108,87476,2017-01-01 08:04:59,2017-12-30 23:55:00,104735,0.8352
2017,S109,95842,2017-01-01 08:04:59,2017-12-31 23:55:00,105023,0.9126
2017,S11,102872,2017-01-01 08:04:59,2017-12-31 23:55:00,105023,0.9795
2017,S110,27573,2017-01-01 08:04:59,2017-04-07 04:34:59,27607,0.9988
2017,S111,31545,2017-08-31 10:05:00,2017-12-31 23:55:00,35303,0.8936
2017,S112,100454,2017-01-01 08:04:59,2017-12-31 23:55:00,105023,0.9565
2017,S113,100933,2017-01-01 08:04:59,2017-12-31 23:55:00,105023,0.9611
2017,S114,101042,2017-01-01 08:04:59,2017-12-31 23:55:00,105023,0.9621
2017,S115,98690,2017-01-01 08:04:59,2017-12-31 23:55:00,105023,0.9397
2017,S116,102730,2017-01-01 08:04:59,2017-12-31 23:55:00,105023,0.9782
2017,S117,100310,2017-01-01 08:04:59,2017-12-31 23:55:00,105023,0.9551
2017,S118,94766,2017-01-01 08:04:59,2017-12-31 23:55:00,105023,0.9023
2017,S119,100586,2017-01-01 08:04:59,2017-12-31 23:55:00,105023,0.9578
2017,S120,102184,2017-01-01 08:04:59,2017-12-31 23:55:00,105023,0.973
2017,S121,89395,2017-01-01 08:04:59,2017-12-31 23:55:00,105023,0.8512
2017,S122,92480,2017-01-01 08:04:59,2017-12-31 23:55:00,105023,0.8806
2017,S123,103159,2017-01-01 08:04:59,2017-12-31 23:55:00,105023,0.9823
2017,S24,100369,2017-01-01 08:04:59,2017-12-31 23:55:00,105023,0.9557
2017,S24B,32648,2017-01-01 08:04:59,2017-04-25 11:24:59,32873,0.9932
2017,S29,99872,2017-01-01 08:04:59,2017-12-31 23:55:00,105023,0.951
2017,S33,98131,2017-01-01 08:04:59,2017-12-31 23:55:00,105023,0.9344
2017,S35,102227,2017-01-01 08:04:59,2017-12-31 23:55:00,105023,0.9734
2017,S36,76438,2017-01-01 08:04:59,2017-12-31 23:55:00,105023,0.7278
2017,S40,100492,2017-01-01 08:04:59,2017-12-31 23:55:00,105023,0.9569
2017,S43,99956,2017-01-01 08:04:59,2017-12-31 23:55:00,105023,0.9518
2017,S44,82444,2017-01-01 08:04:59,2017-12-31 23:55:00,105023,0.785
2017,S46,99637,2017-01-01 08:04:59,2017-12-31 23:55:00,105023,0.9487
2017,S50,90014,2017-01-01 08:04:59,2017-12-31 23:55:00,105023,0.8571
2017,S55,103328,2017-01-01 08:04:59,2017-12-31 23:55:00,105023,0.9839
2017,S60,43377,2017-01-06 10:14:59,2017-12-31 11:15:00,103405,0.4195
2017,S61,103211,2017-01-01 08:04:59,2017-12-31 23:55:00,105023,0.9827
2017,S63,93890,2017-01-01 08:04:59,2017-12-19 09:55:00,101399,0.9259
2017,S64,103417,2017-01-01 08:04:59,2017-12-31 23:55:00,105023,0.9847
2017,S66,98642,2017-01-01 08:04:59,2017-12-31 23:55:00,105023,0.9392
2017,S69,95929,2017-01-01 08:04:59,2017-12-31 23:55:00,105023,0.9134
2017,S71,95421,2017-01-01 08:04:59,2017-12-31 23:55:00,105023,0.9086
2017,S72,33,2017-02-07 00:29:59,2017-03-07 06:29:59,8137,0.0041
2017,S77,103151,2017-01-01 08:04:59,2017-12-31 23:55:00,105023,0.9822
2017,S78,102599,2017-01-01 08:04:59,2017-12-31 23:55:00,105023,0.9769
2017,S79,101779,2017-01-01 08:04:59,2017-12-31 23:55:00,105023,0.9691
2017,S81,102398,2017-01-01 08:04:59,2017-12-31 23:55:00,105023,0.975
2017,S82,14818,2017-11-08 10:35:00,2017-12-31 23:55:00,15425,0.9606
2017,S84,96446,2017-01-01 08:04:59,2017-12-31 23:55:00,105023,0.9183
2017,S88,101402,2017-01-01 08:04:59,2017-12-31 23:55:00,105023,0.9655
2017,S89,95313,2017-01-01 08:04:59,2017-12-31 23:55:00,105023,0.9075
2017,S90,98660,2017-01-01 08:04:59,2017-12-31 23:55:00,105023,0.9394
2017,S900,99741,2017-01-01 08:04:59,2017-12-31 23:55:00,105023,0.9497
2017,S91,91077,2017-01-01 08:04:59,2017-12-31 23:55:00,105023,0.8672
2017,S92,98651,2017-01-01 08:04:59,2017-12-31 23:55:00,105023,0.9393
2017,S94,103022,2017-01-01 08:04:59,2017-12-31 23:55:00,105023,0.9809
2017,S96,30633,2017-01-01 08:04:59,2017-04-18 04:04:59,30769,0.9956
2017,S97,6,2017-01-05 11:44:59,2017-01-05 12:09:59,6,1.0
2018,S07,85559,2018-01-01 00:00:00,2018-12-31 23:55:00,105120,0.8139
2018,S08,86174,2018-01-01 00:00:00,2018-12-31 23:55:00,105120,0.8198
2018,S100,82021,2018-01-01 00:00:00,2018-12-31 23:55:00,105120,0.7803
2018,S101,75244,2018-01-18 13:35:00,2018-12-07 09:45:00,92979,0.8093
2018,S102,50391,2018-01-17 15:55:00,2018-09-11 17:30:00,68276,0.738
2018,S104,77235,2018-01-04 16:10:00,2018-12-17 21:25:00,100000,0.7724
2018,S105,5760,2018-12-11 23:55:00,2018-12-31 23:55:00,5761,0.9998
2018,S106,77073,2018-01-01 00:00:00,2018-12-31 23:55:00,105120,0.7332
2018,S107,86088,2018-01-01 00:00:00,2018-12-31 23:55:00,105120,0.8189
2018,S108,67723,2018-01-03 08:00:00,2018-12-31 23:55:00,104448,0.6484
2018,S109,79812,2018-01-01 00:00:00,2018-12-27 06:00:00,103753,0.7693
2018,S11,84768,2018-01-01 00:00:00,2018-12-31 23:55:00,105120,0.8064
2018,S111,86481,2018-01-01 00:00:00,2018-12-31 23:55:00,105120,0.8227
2018,S112,83280,2018-01-01 00:00:00,2018-12-31 23:55:00,105120,0.7922
2018,S113,87005,2018-01-01 00:00:00,2018-12-31 23:55:00,105120,0.8277
2018,S114,87928,2018-01-01 00:00:00,2018-12-31 23:55:00,105120,0.8365
2018,S115,84369,2018-01-01 00:00:00,2018-12-31 23:55:00,105120,0.8026
2018,S116,87535,2018-01-01 00:00:00,2018-12-31 23:55:00,105120,0.8327
2018,S117,80163,2018-01-01 00:00:00,2018-12-27 17:25:00,103890,0.7716
2018,S118,85821,2018-01-01 00:00:00,2018-12-31 23:55:00,105120,0.8164
2018,S119,84200,2018-01-01 00:00:00,2018-12-31 23:55:00,105120,0.801
2018,S120,87759,2018-01-01 00:00:00,2018-12-31 23:55:00,105120,0.8348
2018,S121,87626,2018-01-01 00:00:00,2018-12-31 23:55:00,105120,0.8336
2018,S122,83715,2018-01-01 00:00:00,2018-12-31 23:55:00,105120,0.7964
2018,S123,88216,2018-01-01 00:00:00,2018-12-31 23:55:00,105120,0.8392
2018,S215,66099,2018-04-16 15:20:00,2018-12-31 23:55:00,74696,0.8849
2018,S24,88145,2018-01-01 00:00:00,2018-12-31 23:55:00,105120,0.8385
2018,S29,83571,2018-01-01 00:00:00,2018-12-31 23:55:00,105120,0.795
2018,S33,85802,2018-01-01 00:00:00,2018-12-31 23:55:00,105120,0.8162
2018,S35,83682,2018-01-01 00:00:00,2018-12-31 23:55:00,105120,0.7961
2018,S36,67350,2018-01-01 00:00:00,2018-12-31 23:55:00,105120,0.6407
2018,S40,88271,2018-01-01 00:00:00,2018-12-31 23:55:00,105120,0.8397
2018,S43,86110,2018-01-01 00:00:00,2018-12-31 23:55:00,105120,0.8192
2018,S44,87682,2018-01-01 00:00:00,2018-12-31 23:55:00,105120,0.8341
2018,S46,80573,2018-01-01 00:00:00,2018-12-31 23:55:00,105120,0.7665
2018,S50,82681,2018-01-01 00:00:00,2018-12-31 23:55:00,105120,0.7865
2018,S55,88273,2018-01-01 00:00:00,2018-12-31 23:55:00,105120,0.8397
2018,S60,82740,2018-01-03 08:00:00,2018-12-30 05:55:00,103944,0.796
2018,S61,87763,2018-01-01 00:00:00,2018-12-31 23:55:00,105120,0.8349
2018,S64,88265,2018-01-01 00:00:00,2018-12-31 23:55:00,105120,0.8397
2018,S66,80725,2018-01-01 00:00:00,2018-12-14 02:35:00,99968,0.8075
2018,S69,81615,2018-01-01 00:00:00,2018-12-31 23:55:00,105120,0.7764
2018,S71,80844,2018-01-01 00:00:00,2018-12-24 12:05:00,102962,0.7852
2018,S77,88234,2018-01-01 00:00:00,2018-12-31 23:55:00,105120,0.8394
2018,S78,87969,2018-01-01 00:00:00,2018-12-31 23:55:00,105120,0.8368
2018,S79,86922,2018-01-01 00:00:00,2018-12-31 23:55:00,105120,0.8269
2018,S81,88248,2018-01-01 00:00:00,2018-12-31 23:55:00,105120,0.8395
2018,S82,87614,2018-01-01 00:00:00,2018-12-31 23:55:00,105120,0.8335
2018,S84,84327,2018-01-01 00:00:00,2018-12-27 13:00:00,103837,0.8121
2018,S88,88250,2018-01-01 00:00:00,2018-12-31 23:55:00,105120,0.8395
2018,S89,88273,2018-01-01 00:00:00,2018-12-31 23:55:00,105120,0.8397
2018,S90,88261,2018-01-01 00:00:00,2018-12-31 23:55:00,105120,0.8396
2018,S900,87074,2018-01-01 00:00:00,2018-12-31 23:55:00,105120,0.8283
2018,S91,82710,2018-01-01 00:00:00,2018-12-20 16:25:00,101862,0.812
2018,S92,85977,2018-01-01 00:00:00,2018-12-31 23:55:00,105120,0.8179
2018,S94,88250,2018-01-01 00:00:00,2018-12-31 23:55:00,105120,0.8395
2019,S07,98573,2019-01-01 00:00:00,2019-12-31 23:55:00,105120,0.9377
2019,S08,100824,2019-01-01 00:00:00,2019-12-31 23:55:00,105120,0.9591
2019,S100,98942,2019-01-01 00:00:00,2019-12-31 23:55:00,105120,0.9412
2019,S104,100433,2019-01-03 14:55:00,2019-12-31 23:55:00,104365,0.9623
2019,S105,101115,2019-01-01 00:00:00,2019-12-31 23:55:00,105120,0.9619
2019,S106,95306,2019-01-01 00:00:00,2019-12-31 23:55:00,105120,0.9066
2019,S107,99712,2019-01-01 00:00:00,2019-12-31 23:55:00,105120,0.9486
2019,S108,76742,2019-01-01 00:00:00,2019-12-31 23:55:00,105120,0.73
2019,S109,82164,2019-01-03 11:20:00,2019-12-31 23:55:00,104408,0.787
2019,S11,94966,2019-01-01 00:00:00,2019-12-31 23:55:00,105120,0.9034
2019,S111,100701,2019-01-01 00:00:00,2019-12-31 23:55:00,105120,0.958
2019,S112,91778,2019-01-01 00:00:00,2019-12-31 23:55:00,105120,0.8731
2019,S113,101174,2019-01-01 00:00:00,2019-12-31 23:55:00,105120,0.9625
2019,S114,91752,2019-01-01 00:00:00,2019-12-31 23:55:00,105120,0.8728
2019,S115,89136,2019-01-01 00:00:00,2019-12-31 23:55:00,105120,0.8479
2019,S116,98379,2019-01-01 00:00:00,2019-12-31 23:55:00,105120,0.9359
2019,S117,97096,2019-01-04 11:50:00,2019-12-31 23:55:00,104114,0.9326
2019,S118,98196,2019-01-01 00:00:00,2019-12-31 23:55:00,105120,0.9341
2019,S119,99756,2019-01-01 00:00:00,2019-12-31 23:55:00,105120,0.949
2019,S120,101177,2019-01-01 00:00:00,2019-12-31 23:55:00,105120,0.9625
2019,S121,98638,2019-01-01 00:00:00,2019-12-31 23:55:00,105120,0.9383
2019,S122,90601,2019-01-01 00:00:00,2019-12-31 23:55:00,105120,0.8619
2019,S123,96849,2019-01-01 00:00:00,2019-12-16 22:55:00,100788,0.9609
2019,S215,100684,2019-01-01 00:00:00,2019-12-31 23:55:00,105120,0.9578
2019,S24,100945,2019-01-01 00:00:00,2019-12-31 23:55:00,105120,0.9603
2019,S29,100898,2019-01-01 00:00:00,2019-12-31 23:55:00,105120,0.9598
2019,S33,100610,2019-01-01 00:00:00,2019-12-31 23:55:00,105120,0.9571
2019,S35,100588,2019-01-01 00:00:00,2019-12-31 23:55:00,105120,0.9569
2019,S36,45367,2019-01-01 00:00:00,2019-12-31 20:50:00,105083,0.4317
2019,S40,100045,2019-01-01 00:00:00,2019-12-31 23:55:00,105120,0.9517
2019,S43,99763,2019-01-01 00:00:00,2019-12-31 23:55:00,105120,0.949
2019,S44,99250,2019-01-01 00:00:00,2019-12-31 23:55:00,105120,0.9442
2019,S46,81997,2019-01-01 00:00:00,2019-12-31 23:55:00,105120,0.78
2019,S50,97643,2019-01-01 00:00:00,2019-12-31 23:55:00,105120,0.9289
2019,S55,14816,2019-01-01 00:00:00,2019-02-21 11:20:00,14825,0.9994
2019,S60,96273,2019-01-02 11:05:00,2019-12-31 23:55:00,104699,0.9195
2019,S61,101144,2019-01-01 00:00:00,2019-12-31 23:55:00,105120,0.9622
2019,S64,101161,2019-01-01 00:00:00,2019-12-31 23:55:00,105120,0.9623
2019,S66,99174,2019-01-02 15:25:00,2019-12-31 23:55:00,104647,0.9477
2019,S69,76716,2019-01-01 00:00:00,2019-12-31 23:55:00,105120,0.7298
2019,S71,64822,2019-01-04 10:00:00,2019-12-31 23:55:00,104136,0.6225
2019,S77,101179,2019-01-01 00:00:00,2019-12-31 23:55:00,105120,0.9625
2019,S78,100977,2019-01-01 00:00:00,2019-12-31 23:55:00,105120,0.9606
2019,S79,100752,2019-01-01 00:00:00,2019-12-31 23:55:00,105120,0.9584
2019,S81,101176,2019-01-01 00:00:00,2019-12-31 23:55:00,105120,0.9625
2019,S82,100470,2019-01-01 00:00:00,2019-12-31 23:55:00,105120,0.9558
2019,S84,78449,2019-01-03 09:20:00,2019-12-31 23:55:00,104432,0.7512
2019,S88,101171,2019-01-01 00:00:00,2019-12-31 23:55:00,105120,0.9624
2019,S89,101164,2019-01-01 00:00:00,2019-12-31 23:55:00,105120,0.9624
2019,S90,101175,2019-01-01 00:00:00,2019-12-31 23:55:00,105120,0.9625
2019,S900,100696,2019-01-01 00:00:00,2019-12-31 23:55:00,105120,0.9579
2019,S91,52092,2019-01-03 13:10:00,2019-12-31 23:55:00,104386,0.499
2019,S92,100501,2019-01-01 00:00:00,2019-12-31 23:55:00,105120,0.9561
2019,S94,101154,2019-01-01 00:00:00,2019-12-31 23:55:00,105120,0.9623
2020,S07,100091,2020-01-01 00:00:00,2020-12-31 23:55:00,105408,0.9496
2020,S08,101451,2020-01-01 00:00:00,2020-12-31 23:55:00,105408,0.9625
2020,S100,100391,2020-01-01 00:00:00,2020-12-31 23:55:00,105408,0.9524
2020,S104,101338,2020-01-01 00:00:00,2020-12-31 23:55:00,105408,0.9614
2020,S105,2134,2020-01-01 00:00:00,2020-01-08 09:45:00,2134,1.0
2020,S106,93224,2020-01-01 00:00:00,2020-12-31 23:55:00,105408,0.8844
2020,S107,98708,2020-01-01 00:00:00,2020-12-31 23:55:00,105408,0.9364
2020,S108,86190,2020-01-01 00:00:00,2020-12-31 23:55:00,105408,0.8177
2020,S109,95029,2020-01-01 00:00:00,2020-12-31 23:55:00,105408,0.9015
2020,S11,101443,2020-01-01 00:00:00,2020-12-31 23:55:00,105408,0.9624
2020,S111,99828,2020-01-01 00:00:00,2020-12-31 23:55:00,105408,0.9471
2020,S112,94137,2020-01-01 00:00:00,2020-12-31 23:55:00,105408,0.8931
2020,S113,101416,2020-01-01 00:00:00,2020-12-31 23:55:00,105408,0.9621
2020,S114,100002,2020-01-01 00:00:00,2020-12-31 23:55:00,105408,0.9487
2020,S115,97272,2020-01-01 00:00:00,2020-12-31 23:55:00,105408,0.9228
2020,S116,96455,2020-01-01 00:00:00,2020-12-31 23:55:00,105408,0.9151
2020,S117,96621,2020-01-01 00:00:00,2020-12-16 07:55:00,100896,0.9576
2020,S118,98981,2020-01-01 00:00:00,2020-12-31 23:55:00,105408,0.939
2020,S119,99661,2020-01-01 00:00:00,2020-12-31 23:55:00,105408,0.9455
2020,S120,101449,2020-01-01 00:00:00,2020-12-31 23:55:00,105408,0.9624
2020,S121,101378,2020-01-01 00:00:00,2020-12-31 23:55:00,105408,0.9618
2020,S122,66402,2020-01-01 00:00:00,2020-12-14 14:30:00,100399,0.6614
2020,S123,99544,2020-01-07 15:50:00,2020-12-31 23:55:00,103490,0.9619
2020,S201,54466,2020-06-15 12:50:00,2020-12-31 23:55:00,57446,0.9481
2020,S202,54466,2020-06-15 12:50:00,2020-12-31 23:55:00,57446,0.9481
2020,S203,49298,2020-06-15 12:50:00,2020-12-31 23:55:00,57446,0.8582
2020,S204,54466,2020-06-15 12:50:00,2020-12-31 23:55:00,57446,0.9481
2020,S205,24938,2020-06-15 12:50:00,2020-12-31 23:55:00,57446,0.4341
2020,S207,52746,2020-06-15 12:50:00,2020-12-31 23:55:00,57446,0.9182
2020,S208,54466,2020-06-15 12:50:00,2020-12-31 23:55:00,57446,0.9481
2020,S209,51659,2020-06-15 12:50:00,2020-12-31 23:55:00,57446,0.8993
2020,S210,52175,2020-06-15 12:50:00,2020-12-31 23:55:00,57446,0.9082
2020,S211,51322,2020-06-15 12:50:00,2020-12-31 23:55:00,57446,0.8934
2020,S212,54466,2020-06-15 12:50:00,2020-12-31 23:55:00,57446,0.9481
2020,S213,54466,2020-06-15 12:50:00,2020-12-31 23:55:00,57446,0.9481
2020,S214,51594,2020-06-15 12:50:00,2020-12-31 23:55:00,57446,0.8981
2020,S215,99634,2020-01-01 00:00:00,2020-12-31 23:55:00,105408,0.9452
2020,S216,52694,2020-06-15 12:50:00,2020-12-31 23:55:00,57446,0.9173
2020,S217,54466,2020-06-15 12:50:00,2020-12-31 23:55:00,57446,0.9481
2020,S218,54465,2020-06-15 12:50:00,2020-12-31 23:55:00,57446,0.9481
2020,S219,54392,2020-06-15 12:50:00,2020-12-31 23:55:00,57446,0.9468
2020,S220,54466,2020-06-15 12:50:00,2020-12-31 23:55:00,57446,0.9481
2020,S221,54464,2020-06-15 12:50:00,2020-12-31 23:55:00,57446,0.9481
2020,S222,54466,2020-06-15 12:50:00,2020-12-31 23:55:00,57446,0.9481
2020,S223,54187,2020-06-15 12:50:00,2020-12-31 23:55:00,57446,0.9433
2020,S224,53007,2020-06-15 12:50:00,2020-12-31 21:25:00,57416,0.9232
2020,S226,54466,2020-06-15 12:50:00,2020-12-31 23:55:00,57446,0.9481
2020,S227,53467,2020-06-15 12:50:00,2020-12-31 23:55:00,57446,0.9307
2020,S228,52462,2020-06-15 12:50:00,2020-12-31 23:55:00,57446,0.9132
2020,S229,54448,2020-06-15 12:50:00,2020-12-31 23:55:00,57446,0.9478
2020,S230,53313,2020-06-15 12:50:00,2020-12-31 23:55:00,57446,0.9281
2020,S24,101345,2020-01-01 00:00:00,2020-12-31 23:55:00,105408,0.9615
2020,S29,78574,2020-01-01 00:00:00,2020-12-31 23:55:00,105408,0.7454
2020,S33,101041,2020-01-01 00:00:00,2020-12-31 23:55:00,105408,0.9586
2020,S35,96722,2020-01-01 00:00:00,2020-12-31 23:55:00,105408,0.9176
2020,S36,20071,2020-01-01 12:50:00,2020-12-21 18:30:00,102309,0.1962
2020,S40,100410,2020-01-01 00:00:00,2020-12-31 23:55:00,105408,0.9526
2020,S43,101181,2020-01-01 00:00:00,2020-12-31 23:55:00,105408,0.9599
2020,S44,101150,2020-01-01 00:00:00,2020-12-31 23:55:00,105408,0.9596
2020,S46,93613,2020-01-01 00:00:00,2020-12-04 17:10:00,97551,0.9596
2020,S50,101443,2020-01-01 00:00:00,2020-12-31 23:55:00,105408,0.9624
2020,S60,84971,2020-01-01 00:00:00,2020-12-31 23:55:00,105408,0.8061
2020,S61,101315,2020-01-01 00:00:00,2020-12-31 23:55:00,105408,0.9612
2020,S64,6096,2020-01-01 00:00:00,2020-01-28 23:15:00,8056,0.7567
2020,S66,100941,2020-01-01 00:00:00,2020-12-31 23:55:00,105408,0.9576
2020,S69,96265,2020-01-01 00:00:00,2020-12-31 23:55:00,105408,0.9133
2020,S71,99779,2020-01-01 00:00:00,2020-12-31 23:55:00,105408,0.9466
2020,S77,101316,2020-01-01 00:00:00,2020-12-31 23:55:00,105408,0.9612
2020,S78,101427,2020-01-01 00:00:00,2020-12-31 23:55:00,105408,0.9622
2020,S79,100909,2020-01-01 00:00:00,2020-12-31 23:55:00,105408,0.9573
2020,S81,101427,2020-01-01 00:00:00,2020-12-31 23:55:00,105408,0.9622
2020,S82,96861,2020-01-01 00:00:00,2020-12-31 23:55:00,105408,0.9189
2020,S84,94069,2020-01-01 00:00:00,2020-12-31 23:55:00,105408,0.8924
2020,S88,101465,2020-01-01 00:00:00,2020-12-31 23:55:00,105408,0.9626
2020,S89,101437,2020-01-01 00:00:00,2020-12-31 23:55:00,105408,0.9623
2020,S90,100601,2020-01-01 00:00:00,2020-12-31 23:55:00,105408,0.9544
2020,S900,100131,2020-01-01 00:00:00,2020-12-31 23:55:00,105408,0.9499
2020,S91,100887,2020-01-01 00:00:00,2020-12-31 23:55:00,105408,0.9571
2020,S92,99513,2020-01-01 00:00:00,2020-12-31 23:55:00,105408,0.9441
2020,S94,101443,2020-01-01 00:00:00,2020-12-31 23:55:00,105408,0.9624
2021,S07,32,2021-01-01 00:00:00,2021-01-01 02:35:00,32,1.0
2021,S08,102991,2021-01-01 00:00:00,2021-12-31 23:55:00,105120,0.9797
2021,S100,101066,2021-01-01 00:00:00,2021-12-31 23:55:00,105120,0.9614
2021,S104,94726,2021-01-01 00:00:00,2021-12-31 23:55:00,105120,0.9011
2021,S106,96029,2021-01-01 00:00:00,2021-12-31 23:55:00,105120,0.9135
2021,S107,102982,2021-01-01 00:00:00,2021-12-31 23:55:00,105120,0.9797
2021,S108,103774,2021-01-01 00:00:00,2021-12-31 23:55:00,105120,0.9872
2021,S109,100756,2021-01-01 00:00:00,2021-12-31 23:55:00,105120,0.9585
2021,S11,88144,2021-01-01 00:00:00,2021-11-11 10:10:00,90555,0.9734
2021,S111,101877,2021-01-01 00:00:00,2021-12-31 16:25:00,105030,0.97
2021,S112,103500,2021-01-01 00:00:00,2021-12-31 23:55:00,105120,0.9846
2021,S113,103731,2021-01-01 00:00:00,2021-12-31 23:55:00,105120,0.9868
2021,S114,97998,2021-01-01 00:00:00,2021-12-31 23:55:00,105120,0.9322
2021,S115,100860,2021-01-01 00:00:00,2021-12-31 23:55:00,105120,0.9595
2021,S116,103783,2021-01-01 00:00:00,2021-12-31 23:55:00,105120,0.9873
2021,S118,103088,2021-01-01 00:00:00,2021-12-31 23:55:00,105120,0.9807
2021,S119,97804,2021-01-01 00:00:00,2021-12-31 23:55:00,105120,0.9304
2021,S120,103763,2021-01-01 00:00:00,2021-12-31 23:55:00,105120,0.9871
2021,S121,102558,2021-01-01 00:00:00,2021-12-31 23:55:00,105120,0.9756
2021,S122,49049,2021-01-25 14:25:00,2021-09-13 23:15:00,66635,0.7361
2021,S123,100781,2021-01-01 00:00:00,2021-12-31 23:55:00,105120,0.9587
2021,S201,103797,2021-01-01 00:00:00,2021-12-31 23:55:00,105120,0.9874
2021,S202,102593,2021-01-01 00:00:00,2021-12-31 23:55:00,105120,0.976
2021,S203,103797,2021-01-01 00:00:00,2021-12-31 23:55:00,105120,0.9874
2021,S204,103326,2021-01-01 00:00:00,2021-12-31 23:55:00,105120,0.9829
2021,S205,103797,2021-01-01 00:00:00,2021-12-31 23:55:00,105120,0.9874
2021,S207,103797,2021-01-01 00:00:00,2021-12-31 23:55:00,105120,0.9874
2021,S208,103791,2021-01-01 00:00:00,2021-12-31 23:55:00,105120,0.9874
2021,S209,103252,2021-01-01 00:00:00,2021-12-31 23:55:00,105120,0.9822
2021,S210,103797,2021-01-01 00:00:00,2021-12-31 23:55:00,105120,0.9874
2021,S211,103797,2021-01-01 00:00:00,2021-12-31 23:55:00,105120,0.9874
2021,S212,103459,2021-01-01 00:00:00,2021-12-31 23:55:00,105120,0.9842
2021,S213,102752,2021-01-01 00:00:00,2021-12-31 23:55:00,105120,0.9775
2021,S214,103080,2021-01-01 00:00:00,2021-12-31 23:55:00,105120,0.9806
2021,S215,103793,2021-01-01 00:00:00,2021-12-31 23:55:00,105120,0.9874
2021,S216,103783,2021-01-01 00:00:00,2021-12-31 23:55:00,105120,0.9873
2021,S217,103281,2021-01-01 00:00:00,2021-12-31 23:55:00,105120,0.9825
2021,S218,103732,2021-01-01 00:00:00,2021-12-31 23:55:00,105120,0.9868
2021,S219,103789,2021-01-01 00:00:00,2021-12-31 23:55:00,105120,0.9873
2021,S220,103797,2021-01-01 00:00:00,2021-12-31 23:55:00,105120,0.9874
2021,S221,103797,2021-01-01 00:00:00,2021-12-31 23:55:00,105120,0.9874
2021,S222,103797,2021-01-01 00:00:00,2021-12-31 23:55:00,105120,0.9874
2021,S223,103797,2021-01-01 00:00:00,2021-12-31 23:55:00,105120,0.9874
2021,S224,103701,2021-01-05 20:30:00,2021-12-31 23:55:00,103722,0.9998
2021,S226,101970,2021-01-01 00:00:00,2021-12-31 23:55:00,105120,0.97
2021,S227,103797,2021-01-01 00:00:00,2021-12-31 23:55:00,105120,0.9874
2021,S228,103450,2021-01-01 00:00:00,2021-12-31 23:55:00,105120,0.9841
2021,S229,103537,2021-01-01 00:00:00,2021-12-31 23:55:00,105120,0.9849
2021,S230,103797,2021-01-01 00:00:00,2021-12-31 23:55:00,105120,0.9874
2021,S24,103681,2021-01-01 00:00:00,2021-12-31 23:55:00,105120,0.9863
2021,S29,96,2021-01-01 00:00:00,2021-01-01 07:55:00,96,1.0
2021,S33,102229,2021-01-01 00:00:00,2021-12-31 23:55:00,105120,0.9725
2021,S35,89290,2021-01-01 00:00:00,2021-12-31 16:45:00,105034,0.8501
2021,S36,15589,2021-01-12 16:05:00,2021-12-30 21:05:00,101437,0.1537
2021,S40,103776,2021-01-01 00:00:00,2021-12-31 23:55:00,105120,0.9872
2021,S43,103768,2021-01-01 00:00:00,2021-12-31 23:55:00,105120,0.9871
2021,S44,103127,2021-01-01 00:00:00,2021-12-31 23:55:00,105120,0.981
2021,S50,100955,2021-01-01 00:00:00,2021-12-31 23:55:00,105120,0.9604
2021,S60,96,2021-01-01 00:00:00,2021-01-01 07:55:00,96,1.0
2021,S61,96,2021-01-01 00:00:00,2021-01-01 07:55:00,96,1.0
2021,S66,100693,2021-01-01 00:00:00,2021-12-31 23:55:00,105120,0.9579
2021,S69,101090,2021-01-01 00:00:00,2021-12-31 22:05:00,105098,0.9619
2021,S71,103263,2021-01-01 00:00:00,2021-12-31 23:55:00,105120,0.9823
2021,S77,103241,2021-01-01 00:00:00,2021-12-31 23:55:00,105120,0.9821
2021,S78,103749,2021-01-01 00:00:00,2021-12-31 23:55:00,105120,0.987
2021,S79,103258,2021-01-01 00:00:00,2021-12-31 23:55:00,105120,0.9823
2021,S81,103772,2021-01-01 00:00:00,2021-12-31 23:55:00,105120,0.9872
2021,S82,101760,2021-01-01 00:00:00,2021-12-31 23:55:00,105120,0.968
2021,S84,103265,2021-01-01 00:00:00,2021-12-31 23:55:00,105120,0.9824
2021,S88,103745,2021-01-01 00:00:00,2021-12-31 23:55:00,105120,0.9869
2021,S89,103767,2021-01-01 00:00:00,2021-12-31 23:55:00,105120,0.9871
2021,S90,103773,2021-01-01 00:00:00,2021-12-31 23:55:00,105120,0.9872
2021,S900,103531,2021-01-01 00:00:00,2021-12-31 23:55:00,105120,0.9849
2021,S91,19701,2021-01-01 00:00:00,2021-03-16 09:45:00,21430,0.9193
2021,S92,1419,2021-01-01 00:00:00,2021-01-10 10:45:00,2722,0.5213
2021,S94,103771,2021-01-01 00:00:00,2021-12-31 23:55:00,105120,0.9872
2022,S08,104857,2022-01-01 00:00:00,2022-12-31 23:55:00,105120,0.9975
2022,S100,104409,2022-01-01 00:00:00,2022-12-31 23:55:00,105120,0.9932
2022,S102,20459,2022-09-15 14:15:00,2022-12-31 23:55:00,30933,0.6614
2022,S104,103186,2022-01-01 00:00:00,2022-12-31 23:55:00,105120,0.9816
2022,S106,103370,2022-01-01 01:05:00,2022-12-31 23:55:00,105107,0.9835
2022,S107,104744,2022-01-01 00:00:00,2022-12-31 23:55:00,105120,0.9964
2022,S108,99655,2022-01-01 00:00:00,2022-12-31 23:55:00,105120,0.948
2022,S109,100199,2022-01-01 00:00:00,2022-12-31 23:55:00,105120,0.9532
2022,S111,102896,2022-01-01 08:05:00,2022-12-31 23:55:00,105023,0.9797
2022,S112,104879,2022-01-01 00:00:00,2022-12-31 23:55:00,105120,0.9977
2022,S113,104891,2022-01-01 00:00:00,2022-12-31 23:55:00,105120,0.9978
2022,S114,104961,2022-01-01 00:00:00,2022-12-31 23:55:00,105120,0.9985
2022,S115,102478,2022-01-01 00:00:00,2022-12-31 23:55:00,105120,0.9749
2022,S116,101629,2022-01-01 00:00:00,2022-12-31 23:55:00,105120,0.9668
2022,S118,104424,2022-01-01 00:00:00,2022-12-31 23:55:00,105120,0.9934
2022,S119,103017,2022-01-01 00:00:00,2022-12-31 23:55:00,105120,0.98
2022,S120,103674,2022-01-01 00:00:00,2022-12-31 23:55:00,105120,0.9862
2022,S121,99808,2022-01-01 00:00:00,2022-12-31 23:55:00,105120,0.9495
2022,S123,104338,2022-01-01 00:00:00,2022-12-31 23:55:00,105120,0.9926
2022,S201,104951,2022-01-01 00:00:00,2022-12-31 23:55:00,105120,0.9984
2022,S202,104952,2022-01-01 00:00:00,2022-12-31 23:55:00,105120,0.9984
2022,S203,104951,2022-01-01 00:00:00,2022-12-31 23:55:00,105120,0.9984
2022,S204,104952,2022-01-01 00:00:00,2022-12-31 23:55:00,105120,0.9984
2022,S205,104952,2022-01-01 00:00:00,2022-12-31 23:55:00,105120,0.9984
2022,S207,104952,2022-01-01 00:00:00,2022-12-31 23:55:00,105120,0.9984
2022,S208,104946,2022-01-01 00:00:00,2022-12-31 23:55:00,105120,0.9983
2022,S209,104949,2022-01-01 00:00:00,2022-12-31 23:55:00,105120,0.9984
2022,S210,103138,2022-01-01 00:00:00,2022-12-31 23:55:00,105120,0.9811
2022,S211,104799,2022-01-01 00:00:00,2022-12-31 23:55:00,105120,0.9969
2022,S212,104461,2022-01-01 00:00:00,2022-12-31 23:55:00,105120,0.9937
2022,S213,104947,2022-01-01 00:00:00,2022-12-31 23:55:00,105120,0.9984
2022,S214,104950,2022-01-01 00:00:00,2022-12-31 23:55:00,105120,0.9984
2022,S215,104953,2022-01-01 00:00:00,2022-12-31 23:55:00,105120,0.9984
2022,S216,104950,2022-01-01 00:00:00,2022-12-31 23:55:00,105120,0.9984
2022,S217,104938,2022-01-01 00:00:00,2022-12-31 23:55:00,105120,0.9983
2022,S218,104931,2022-01-01 00:00:00,2022-12-31 23:55:00,105120,0.9982
2022,S219,104651,2022-01-01 00:00:00,2022-12-31 23:55:00,105120,0.9955
2022,S220,104946,2022-01-01 00:00:00,2022-12-31 23:55:00,105120,0.9983
2022,S221,104947,2022-01-01 00:00:00,2022-12-31 23:55:00,105120,0.9984
2022,S222,104951,2022-01-01 00:00:00,2022-12-31 23:55:00,105120,0.9984
2022,S223,104936,2022-01-01 00:00:00,2022-12-31 23:55:00,105120,0.9982
2022,S224,104951,2022-01-01 00:00:00,2022-12-31 23:55:00,105120,0.9984
2022,S226,104950,2022-01-01 00:00:00,2022-12-31 23:55:00,105120,0.9984
2022,S227,104946,2022-01-01 00:00:00,2022-12-31 23:55:00,105120,0.9983
2022,S228,104952,2022-01-01 00:00:00,2022-12-31 23:55:00,105120,0.9984
2022,S229,104949,2022-01-01 00:00:00,2022-12-31 23:55:00,105120,0.9984
2022,S230,104952,2022-01-01 00:00:00,2022-12-31 23:55:00,105120,0.9984
2022,S24,104842,2022-01-01 00:00:00,2022-12-31 23:55:00,105120,0.9974
2022,S33,103272,2022-01-01 00:00:00,2022-12-31 23:55:00,105120,0.9824
2022,S35,96769,2022-01-02 12:45:00,2022-12-31 23:55:00,104679,0.9244
2022,S36,39605,2022-01-03 15:05:00,2022-12-31 20:40:00,104324,0.3796
2022,S40,104226,2022-01-01 00:00:00,2022-12-31 23:55:00,105120,0.9915
2022,S43,104245,2022-01-01 00:00:00,2022-12-31 23:55:00,105120,0.9917
2022,S44,104682,2022-01-01 00:00:00,2022-12-31 23:55:00,105120,0.9958
2022,S50,104715,2022-01-01 00:00:00,2022-12-31 23:55:00,105120,0.9961
2022,S60,34493,2022-08-30 14:35:00,2022-12-31 23:55:00,35537,0.9706
2022,S61,33802,2022-08-30 14:35:00,2022-12-31 23:55:00,35537,0.9512
2022,S64,35485,2022-08-30 14:35:00,2022-12-31 23:55:00,35537,0.9985
2022,S66,103868,2022-01-01 00:00:00,2022-12-31 23:55:00,105120,0.9881
2022,S69,104333,2022-01-01 10:15:00,2022-12-31 23:55:00,104997,0.9937
2022,S71,104710,2022-01-01 00:00:00,2022-12-31 23:55:00,105120,0.9961
2022,S77,104935,2022-01-01 00:00:00,2022-12-31 23:55:00,105120,0.9982
2022,S78,104938,2022-01-01 00:00:00,2022-12-31 23:55:00,105120,0.9983
2022,S79,104094,2022-01-01 00:00:00,2022-12-31 23:55:00,105120,0.9902
2022,S81,104959,2022-01-01 00:00:00,2022-12-31 23:55:00,105120,0.9985
2022,S82,93235,2022-01-01 00:00:00,2022-11-21 10:45:00,93442,0.9978
2022,S84,104291,2022-01-01 00:00:00,2022-12-31 23:55:00,105120,0.9921
2022,S88,104903,2022-01-01 00:00:00,2022-12-31 23:55:00,105120,0.9979
2022,S89,104937,2022-01-01 00:00:00,2022-12-31 23:55:00,105120,0.9983
2022,S90,104857,2022-01-01 00:00:00,2022-12-31 23:55:00,105120,0.9975
2022,S900,104429,2022-01-01 00:00:00,2022-12-31 23:55:00,105120,0.9934
2022,S94,104928,2022-01-01 00:00:00,2022-12-31 23:55:00,105120,0.9982
2023,S07,70619,2023-04-13 19:40:00,2023-12-31 23:55:00,75508,0.9353
2023,S08,101813,2023-01-01 00:00:00,2023-12-31 23:55:00,105120,0.9685
2023,S100,33990,2023-01-01 00:00:00,2023-05-12 16:45:00,37930,0.8961
2023,S102,12741,2023-01-01 00:00:00,2023-05-18 12:40:00,39609,0.3217
2023,S104,101914,2023-01-01 00:00:00,2023-12-31 23:55:00,105120,0.9695
2023,S106,52339,2023-01-01 00:00:00,2023-07-18 05:00:00,57085,0.9169
2023,S107,101620,2023-01-01 00:00:00,2023-12-31 23:55:00,105120,0.9667
2023,S108,33928,2023-01-01 00:00:00,2023-05-10 15:30:00,37339,0.9086
2023,S109,93470,2023-01-01 00:00:00,2023-12-31 23:55:00,105120,0.8892
2023,S111,95324,2023-01-01 00:00:00,2023-12-31 23:55:00,105120,0.9068
2023,S112,100757,2023-01-01 00:00:00,2023-12-31 23:55:00,105120,0.9585
2023,S113,101942,2023-01-01 00:00:00,2023-12-31 23:55:00,105120,0.9698
2023,S114,101719,2023-01-01 00:00:00,2023-12-31 23:55:00,105120,0.9676
2023,S115,97259,2023-01-01 00:00:00,2023-12-31 23:55:00,105120,0.9252
2023,S116,95510,2023-01-01 00:00:00,2023-12-31 23:55:00,105120,0.9086
2023,S117,94424,2023-02-03 15:45:00,2023-12-31 23:55:00,95427,0.9895
2023,S118,100627,2023-01-01 00:00:00,2023-12-31 23:55:00,105120,0.9573
2023,S119,101945,2023-01-01 00:00:00,2023-12-31 23:55:00,105120,0.9698
2023,S120,101981,2023-01-01 00:00:00,2023-12-31 23:55:00,105120,0.9701
2023,S121,99997,2023-01-01 00:00:00,2023-12-31 23:55:00,105120,0.9513
2023,S123,101101,2023-01-01 00:00:00,2023-12-31 23:55:00,105120,0.9618
2023,S201,101976,2023-01-01 00:00:00,2023-12-31 23:55:00,105120,0.9701
2023,S202,14153,2023-01-01 00:00:00,2023-02-28 09:20:00,16817,0.8416
2023,S203,102015,2023-01-01 00:00:00,2023-12-31 23:55:00,105120,0.9705
2023,S204,82693,2023-01-01 00:00:00,2023-10-25 15:00:00,85717,0.9647
2023,S205,82067,2023-01-01 00:00:00,2023-10-23 10:35:00,85088,0.9645
2023,S207,102011,2023-01-01 00:00:00,2023-12-31 23:55:00,105120,0.9704
2023,S208,102010,2023-01-01 00:00:00,2023-12-31 23:55:00,105120,0.9704
2023,S209,101103,2023-01-01 00:00:00,2023-12-31 23:55:00,105120,0.9618
2023,S210,102014,2023-01-01 00:00:00,2023-12-31 23:55:00,105120,0.9705
2023,S211,102015,2023-01-01 00:00:00,2023-12-31 23:55:00,105120,0.9705
2023,S212,102015,2023-01-01 00:00:00,2023-12-31 23:55:00,105120,0.9705
2023,S213,102014,2023-01-01 00:00:00,2023-12-31 23:55:00,105120,0.9705
2023,S214,102015,2023-01-01 00:00:00,2023-12-31 23:55:00,105120,0.9705
2023,S215,101375,2023-01-01 00:00:00,2023-12-31 23:55:00,105120,0.9644
2023,S216,102013,2023-01-01 00:00:00,2023-12-31 23:55:00,105120,0.9704
2023,S217,102013,2023-01-01 00:00:00,2023-12-31 23:55:00,105120,0.9704
2023,S218,101978,2023-01-01 00:00:00,2023-12-31 23:55:00,105120,0.9701
2023,S219,102007,2023-01-01 00:00:00,2023-12-31 23:55:00,105120,0.9704
2023,S220,102013,2023-01-01 00:00:00,2023-12-31 23:55:00,105120,0.9704
2023,S221,102009,2023-01-01 00:00:00,2023-12-31 23:55:00,105120,0.9704
2023,S222,102014,2023-01-01 00:00:00,2023-12-31 23:55:00,105120,0.9705
2023,S223,102015,2023-01-01 00:00:00,2023-12-31 23:55:00,105120,0.9705
2023,S224,102015,2023-01-01 00:00:00,2023-12-31 23:55:00,105120,0.9705
2023,S226,102003,2023-01-01 00:00:00,2023-12-31 23:55:00,105120,0.9703
2023,S227,102015,2023-01-01 00:00:00,2023-12-31 23:55:00,105120,0.9705
2023,S228,102015,2023-01-01 00:00:00,2023-12-31 23:55:00,105120,0.9705
2023,S229,102015,2023-01-01 00:00:00,2023-12-31 23:55:00,105120,0.9705
2023,S230,102015,2023-01-01 00:00:00,2023-12-31 23:55:00,105120,0.9705
2023,S24,94940,2023-01-01 00:00:00,2023-12-31 23:55:00,105120,0.9032
2023,S33,89283,2023-01-01 00:00:00,2023-12-31 23:55:00,105120,0.8493
2023,S35,101720,2023-01-01 00:00:00,2023-12-31 23:55:00,105120,0.9677
2023,S36,6217,2023-01-01 07:45:00,2023-12-02 07:50:00,96482,0.0644
2023,S40,99945,2023-01-01 00:00:00,2023-12-31 23:55:00,105120,0.9508
2023,S43,101549,2023-01-01 00:00:00,2023-12-31 23:55:00,105120,0.966
2023,S44,86749,2023-01-01 00:00:00,2023-12-31 23:55:00,105120,0.8252
2023,S50,101941,2023-01-01 00:00:00,2023-12-31 23:55:00,105120,0.9698
2023,S60,99489,2023-01-01 00:00:00,2023-12-31 23:55:00,105120,0.9464
2023,S61,18740,2023-01-01 00:00:00,2023-03-16 07:40:00,21405,0.8755
2023,S64,102005,2023-01-01 00:00:00,2023-12-31 23:55:00,105120,0.9704
2023,S66,101559,2023-01-01 00:00:00,2023-12-31 23:55:00,105120,0.9661
2023,S69,101673,2023-01-01 00:00:00,2023-12-31 23:55:00,105120,0.9672
2023,S71,102006,2023-01-01 00:00:00,2023-12-31 23:55:00,105120,0.9704
2023,S77,102010,2023-01-01 00:00:00,2023-12-31 23:55:00,105120,0.9704
2023,S78,101720,2023-01-01 00:00:00,2023-12-31 23:55:00,105120,0.9677
2023,S79,101128,2023-01-01 00:00:00,2023-12-31 23:55:00,105120,0.962
2023,S81,102007,2023-01-01 00:00:00,2023-12-31 23:55:00,105120,0.9704
2023,S84,97594,2023-01-01 00:00:00,2023-12-31 23:55:00,105120,0.9284
2023,S88,100901,2023-01-01 00:00:00,2023-12-31 23:55:00,105120,0.9599
2023,S89,101370,2023-01-01 00:00:00,2023-12-31 23:55:00,105120,0.9643
2023,S90,102007,2023-01-01 00:00:00,2023-12-31 23:55:00,105120,0.9704
2023,S900,101695,2023-01-01 00:00:00,2023-12-31 23:55:00,105120,0.9674
2023,S91,1,2023-02-21 14:40:00,2023-02-21 14:40:00,1,1.0
2023,S94,102005,2023-01-01 00:00:00,2023-12-31 23:55:00,105120,0.9704
2024,S06,15634,2024-11-07 15:50:00,2024-12-31 23:55:00,15650,0.999
2024,S07,102540,2024-01-01 00:00:00,2024-12-31 23:55:00,105408,0.9728
2024,S08,100583,2024-01-01 00:00:00,2024-12-31 23:55:00,105408,0.9542
2024,S102,6569,2024-06-25 15:40:00,2024-07-18 12:50:00,6591,0.9967
2024,S104,102042,2024-01-01 00:00:00,2024-12-31 23:55:00,105408,0.9681
2024,S106,15654,2024-11-06 17:35:00,2024-12-31 23:55:00,15917,0.9835
2024,S107,102038,2024-01-01 00:00:00,2024-12-31 23:55:00,105408,0.968
2024,S108,51263,2024-05-02 15:40:00,2024-11-05 21:55:00,53932,0.9505
2024,S109,103495,2024-01-01 00:00:00,2024-12-31 23:55:00,105408,0.9819
2024,S111,103201,2024-01-01 00:00:00,2024-12-31 23:55:00,105408,0.9791
2024,S112,84894,2024-01-01 00:00:00,2024-12-31 23:55:00,105408,0.8054
2024,S113,100691,2024-01-01 00:00:00,2024-12-31 23:55:00,105408,0.9553
2024,S114,92569,2024-01-01 00:00:00,2024-11-20 09:55:00,93432,0.9908
2024,S115,101418,2024-01-01 00:00:00,2024-12-31 23:55:00,105408,0.9621
2024,S116,97235,2024-01-01 00:00:00,2024-12-31 23:55:00,105408,0.9225
2024,S117,100037,2024-01-01 00:00:00,2024-12-31 23:55:00,105408,0.949
2024,S118,2413,2024-01-01 00:00:00,2024-01-10 09:25:00,2706,0.8917
2024,S119,104287,2024-01-01 00:00:00,2024-12-31 23:55:00,105408,0.9894
2024,S120,31381,2024-01-01 00:00:00,2024-05-02 15:35:00,35324,0.8884
2024,S121,100586,2024-01-01 00:00:00,2024-12-31 23:55:00,105408,0.9543
2024,S123,77942,2024-01-01 00:00:00,2024-12-31 23:55:00,105408,0.7394
2024,S201,105093,2024-01-01 00:00:00,2024-12-31 23:55:00,105408,0.997
2024,S203,100007,2024-01-01 00:00:00,2024-12-31 23:55:00,105408,0.9488
2024,S207,104359,2024-01-01 00:00:00,2024-12-31 23:55:00,105408,0.99
2024,S208,105084,2024-01-01 00:00:00,2024-12-31 23:55:00,105408,0.9969
2024,S209,104978,2024-01-01 00:00:00,2024-12-31 23:55:00,105408,0.9959
2024,S210,103306,2024-01-01 00:00:00,2024-12-31 23:55:00,105408,0.9801
2024,S211,103686,2024-01-01 00:00:00,2024-12-31 23:55:00,105408,0.9837
2024,S212,62503,2024-01-01 00:00:00,2024-08-05 02:30:00,62527,0.9996
2024,S213,104579,2024-01-01 00:00:00,2024-12-31 23:55:00,105408,0.9921
2024,S214,105101,2024-01-01 00:00:00,2024-12-31 23:55:00,105408,0.9971
2024,S215,95378,2024-01-01 00:00:00,2024-12-31 23:55:00,105408,0.9048
2024,S216,105098,2024-01-01 00:00:00,2024-12-31 23:55:00,105408,0.9971
2024,S217,105052,2024-01-01 00:00:00,2024-12-31 23:55:00,105408,0.9966
2024,S218,105098,2024-01-01 00:00:00,2024-12-31 23:55:00,105408,0.9971
2024,S219,105100,2024-01-01 00:00:00,2024-12-31 23:55:00,105408,0.9971
2024,S220,105085,2024-01-01 00:00:00,2024-12-31 23:55:00,105408,0.9969
2024,S221,105056,2024-01-01 00:00:00,2024-12-31 23:55:00,105408,0.9967
2024,S222,105035,2024-01-01 00:00:00,2024-12-31 23:55:00,105408,0.9965
2024,S223,103202,2024-01-01 00:00:00,2024-12-31 23:55:00,105408,0.9791
2024,S224,105076,2024-01-01 00:00:00,2024-12-31 23:55:00,105408,0.9969
2024,S226,103865,2024-01-01 00:00:00,2024-12-31 23:55:00,105408,0.9854
2024,S227,105089,2024-01-01 00:00:00,2024-12-31 23:55:00,105408,0.997
2024,S228,105103,2024-01-01 00:00:00,2024-12-31 23:55:00,105408,0.9971
2024,S229,105096,2024-01-01 00:00:00,2024-12-31 23:55:00,105408,0.997
2024,S230,105101,2024-01-01 00:00:00,2024-12-31 23:55:00,105408,0.9971
2024,S24,104716,2024-01-01 00:00:00,2024-12-31 23:55:00,105408,0.9934
2024,S29,15655,2024-11-06 17:35:00,2024-12-31 23:55:00,15917,0.9835
2024,S33,99049,2024-01-01 00:00:00,2024-12-31 23:55:00,105408,0.9397
2024,S35,104750,2024-01-01 00:00:00,2024-12-31 23:55:00,105408,0.9938
2024,S40,98222,2024-01-01 00:00:00,2024-12-31 23:55:00,105408,0.9318
2024,S43,104436,2024-01-01 00:00:00,2024-12-31 23:55:00,105408,0.9908
2024,S44,94894,2024-01-01 00:00:00,2024-11-30 06:30:00,96271,0.9857
2024,S50,104795,2024-01-01 00:00:00,2024-12-31 23:55:00,105408,0.9942
2024,S60,94047,2024-01-01 00:00:00,2024-12-31 23:55:00,105408,0.8922
2024,S64,104378,2024-01-01 00:00:00,2024-12-31 23:55:00,105408,0.9902
2024,S66,101019,2024-01-01 00:00:00,2024-12-31 23:55:00,105408,0.9584
2024,S69,98410,2024-01-01 00:00:00,2024-12-31 23:55:00,105408,0.9336
2024,S71,100923,2024-01-01 00:00:00,2024-12-31 23:55:00,105408,0.9575
2024,S77,103474,2024-01-01 00:00:00,2024-12-31 23:55:00,105408,0.9817
2024,S78,103617,2024-01-01 00:00:00,2024-12-31 23:55:00,105408,0.983
2024,S79,91402,2024-01-01 00:00:00,2024-12-31 23:55:00,105408,0.8671
2024,S81,104394,2024-01-01 00:00:00,2024-12-31 23:55:00,105408,0.9904
2024,S84,102069,2024-01-01 00:00:00,2024-12-31 23:55:00,105408,0.9683
2024,S88,102054,2024-01-01 00:00:00,2024-12-31 23:55:00,105408,0.9682
2024,S89,103787,2024-01-01 00:00:00,2024-12-31 23:55:00,105408,0.9846
2024,S90,102547,2024-01-01 00:00:00,2024-12-31 23:55:00,105408,0.9729
2024,S900,103948,2024-01-01 00:00:00,2024-12-31 23:55:00,105408,0.9861
2024,S92,9346,2024-11-06 17:35:00,2024-12-31 23:55:00,15917,0.5872
2024,S94,95726,2024-01-01 00:00:00,2024-12-31 23:55:00,105408,0.9081
